Dataset,Model,k,f1_Score,Precision,Recall,Features
Mendeley,XGBoost,20,0.9365754123448393,0.9510763209393346,0.9225100491290755,"['url_length', 'number_of_dots_in_url', 'having_repeated_digits_in_url', 'number_of_digits_in_url', 'number_of_special_char_in_url', 'number_of_slash_in_url', 'number_of_questionmark_in_url', 'number_of_equal_in_url', 'domain_length', 'number_of_dots_in_domain', 'having_digits_in_domain', 'number_of_digits_in_domain', 'having_repeated_digits_in_domain', 'average_subdomain_length', 'having_digits_in_subdomain', 'number_of_digits_in_subdomain', 'path_length', 'having_query', 'entropy_of_url', 'entropy_of_domain']"
Mendeley,XGBoost,25,0.942340864745638,0.9547876912497851,0.9302143814202769,"['url_length', 'number_of_dots_in_url', 'having_repeated_digits_in_url', 'number_of_digits_in_url', 'number_of_special_char_in_url', 'number_of_hyphens_in_url', 'number_of_slash_in_url', 'number_of_questionmark_in_url', 'number_of_equal_in_url', 'number_of_percent_in_url', 'domain_length', 'number_of_dots_in_domain', 'number_of_hyphens_in_domain', 'having_special_characters_in_domain', 'number_of_special_characters_in_domain', 'having_digits_in_domain', 'number_of_digits_in_domain', 'having_repeated_digits_in_domain', 'average_subdomain_length', 'having_digits_in_subdomain', 'number_of_digits_in_subdomain', 'path_length', 'having_query', 'entropy_of_url', 'entropy_of_domain']"
Mendeley,LogReg,20,0.7656488778353759,0.8263372356251213,0.7132648503796337,"['url_length', 'number_of_dots_in_url', 'having_repeated_digits_in_url', 'number_of_digits_in_url', 'number_of_special_char_in_url', 'number_of_slash_in_url', 'number_of_questionmark_in_url', 'number_of_equal_in_url', 'domain_length', 'number_of_dots_in_domain', 'having_digits_in_domain', 'number_of_digits_in_domain', 'having_repeated_digits_in_domain', 'average_subdomain_length', 'having_digits_in_subdomain', 'number_of_digits_in_subdomain', 'path_length', 'having_query', 'entropy_of_url', 'entropy_of_domain']"
Mendeley,LogReg,25,0.7673166646728078,0.82633341922185,0.7161679321125503,"['url_length', 'number_of_dots_in_url', 'having_repeated_digits_in_url', 'number_of_digits_in_url', 'number_of_special_char_in_url', 'number_of_hyphens_in_url', 'number_of_slash_in_url', 'number_of_questionmark_in_url', 'number_of_equal_in_url', 'number_of_percent_in_url', 'domain_length', 'number_of_dots_in_domain', 'number_of_hyphens_in_domain', 'having_special_characters_in_domain', 'number_of_special_characters_in_domain', 'having_digits_in_domain', 'number_of_digits_in_domain', 'having_repeated_digits_in_domain', 'average_subdomain_length', 'having_digits_in_subdomain', 'number_of_digits_in_subdomain', 'path_length', 'having_query', 'entropy_of_url', 'entropy_of_domain']"
Mendeley,RF,20,0.9658605174353205,0.97308476881233,0.9587427422956677,"['url_length', 'number_of_dots_in_url', 'having_repeated_digits_in_url', 'number_of_digits_in_url', 'number_of_special_char_in_url', 'number_of_slash_in_url', 'number_of_questionmark_in_url', 'number_of_equal_in_url', 'domain_length', 'number_of_dots_in_domain', 'having_digits_in_domain', 'number_of_digits_in_domain', 'having_repeated_digits_in_domain', 'average_subdomain_length', 'having_digits_in_subdomain', 'number_of_digits_in_subdomain', 'path_length', 'having_query', 'entropy_of_url', 'entropy_of_domain']"
Mendeley,RF,25,0.9670094981172371,0.9735204254837615,0.9605850826261724,"['url_length', 'number_of_dots_in_url', 'having_repeated_digits_in_url', 'number_of_digits_in_url', 'number_of_special_char_in_url', 'number_of_hyphens_in_url', 'number_of_slash_in_url', 'number_of_questionmark_in_url', 'number_of_equal_in_url', 'number_of_percent_in_url', 'domain_length', 'number_of_dots_in_domain', 'number_of_hyphens_in_domain', 'having_special_characters_in_domain', 'number_of_special_characters_in_domain', 'having_digits_in_domain', 'number_of_digits_in_domain', 'having_repeated_digits_in_domain', 'average_subdomain_length', 'having_digits_in_subdomain', 'number_of_digits_in_subdomain', 'path_length', 'having_query', 'entropy_of_url', 'entropy_of_domain']"
Kaggle,XGBoost,25000,0.9721254355400697,0.9676300578034682,0.9766627771295215,"['length_url', 'length_hostname', 'ip', 'nb_dots', 'nb_hyphens', 'nb_at', 'nb_qm', 'nb_and', 'nb_or', 'nb_eq', 'nb_underscore', 'nb_tilde', 'nb_percent', 'nb_slash', 'nb_star', 'nb_colon', 'nb_comma', 'nb_semicolumn', 'nb_dollar', 'nb_space', 'nb_www', 'nb_com', 'nb_dslash', 'http_in_path', 'https_token', 'ratio_digits_url', 'ratio_digits_host', 'punycode', 'port', 'tld_in_path', 'tld_in_subdomain', 'abnormal_subdomain', 'nb_subdomains', 'prefix_suffix', 'random_domain', 'shortening_service', 'path_extension', 'nb_redirection', 'nb_external_redirection', 'length_words_raw', 'char_repeat', 'shortest_words_raw', 'shortest_word_host', 'shortest_word_path', 'longest_words_raw', 'longest_word_host', 'longest_word_path', 'avg_words_raw', 'avg_word_host', 'avg_word_path', 'phish_hints', 'domain_in_brand', 'brand_in_subdomain', 'brand_in_path', 'suspecious_tld', 'statistical_report', 'nb_hyperlinks', 'ratio_intHyperlinks', 'ratio_extHyperlinks', 'ratio_nullHyperlinks', 'nb_extCSS', 'ratio_intRedirection', 'ratio_extRedirection', 'ratio_intErrors', 'ratio_extErrors', 'login_form', 'external_favicon', 'links_in_tags', 'submit_email', 'ratio_intMedia', 'ratio_extMedia', 'sfh', 'iframe', 'popup_window', 'safe_anchor', 'onmouseover', 'right_clic', 'empty_title', 'domain_in_title', 'domain_with_copyright', 'whois_registered_domain', 'domain_registration_length', 'domain_age', 'web_traffic', 'dns_record', 'google_index', 'page_rank']"
Kaggle,XGBoost,30000,0.9721254355400697,0.9676300578034682,0.9766627771295215,"['length_url', 'length_hostname', 'ip', 'nb_dots', 'nb_hyphens', 'nb_at', 'nb_qm', 'nb_and', 'nb_or', 'nb_eq', 'nb_underscore', 'nb_tilde', 'nb_percent', 'nb_slash', 'nb_star', 'nb_colon', 'nb_comma', 'nb_semicolumn', 'nb_dollar', 'nb_space', 'nb_www', 'nb_com', 'nb_dslash', 'http_in_path', 'https_token', 'ratio_digits_url', 'ratio_digits_host', 'punycode', 'port', 'tld_in_path', 'tld_in_subdomain', 'abnormal_subdomain', 'nb_subdomains', 'prefix_suffix', 'random_domain', 'shortening_service', 'path_extension', 'nb_redirection', 'nb_external_redirection', 'length_words_raw', 'char_repeat', 'shortest_words_raw', 'shortest_word_host', 'shortest_word_path', 'longest_words_raw', 'longest_word_host', 'longest_word_path', 'avg_words_raw', 'avg_word_host', 'avg_word_path', 'phish_hints', 'domain_in_brand', 'brand_in_subdomain', 'brand_in_path', 'suspecious_tld', 'statistical_report', 'nb_hyperlinks', 'ratio_intHyperlinks', 'ratio_extHyperlinks', 'ratio_nullHyperlinks', 'nb_extCSS', 'ratio_intRedirection', 'ratio_extRedirection', 'ratio_intErrors', 'ratio_extErrors', 'login_form', 'external_favicon', 'links_in_tags', 'submit_email', 'ratio_intMedia', 'ratio_extMedia', 'sfh', 'iframe', 'popup_window', 'safe_anchor', 'onmouseover', 'right_clic', 'empty_title', 'domain_in_title', 'domain_with_copyright', 'whois_registered_domain', 'domain_registration_length', 'domain_age', 'web_traffic', 'dns_record', 'google_index', 'page_rank']"
Kaggle,LogReg,25000,0.967817437097718,0.9706572769953051,0.9649941656942824,"['length_url', 'length_hostname', 'ip', 'nb_dots', 'nb_hyphens', 'nb_at', 'nb_qm', 'nb_and', 'nb_or', 'nb_eq', 'nb_underscore', 'nb_tilde', 'nb_percent', 'nb_slash', 'nb_star', 'nb_colon', 'nb_comma', 'nb_semicolumn', 'nb_dollar', 'nb_space', 'nb_www', 'nb_com', 'nb_dslash', 'http_in_path', 'https_token', 'ratio_digits_url', 'ratio_digits_host', 'punycode', 'port', 'tld_in_path', 'tld_in_subdomain', 'abnormal_subdomain', 'nb_subdomains', 'prefix_suffix', 'random_domain', 'shortening_service', 'path_extension', 'nb_redirection', 'nb_external_redirection', 'length_words_raw', 'char_repeat', 'shortest_words_raw', 'shortest_word_host', 'shortest_word_path', 'longest_words_raw', 'longest_word_host', 'longest_word_path', 'avg_words_raw', 'avg_word_host', 'avg_word_path', 'phish_hints', 'domain_in_brand', 'brand_in_subdomain', 'brand_in_path', 'suspecious_tld', 'statistical_report', 'nb_hyperlinks', 'ratio_intHyperlinks', 'ratio_extHyperlinks', 'ratio_nullHyperlinks', 'nb_extCSS', 'ratio_intRedirection', 'ratio_extRedirection', 'ratio_intErrors', 'ratio_extErrors', 'login_form', 'external_favicon', 'links_in_tags', 'submit_email', 'ratio_intMedia', 'ratio_extMedia', 'sfh', 'iframe', 'popup_window', 'safe_anchor', 'onmouseover', 'right_clic', 'empty_title', 'domain_in_title', 'domain_with_copyright', 'whois_registered_domain', 'domain_registration_length', 'domain_age', 'web_traffic', 'dns_record', 'google_index', 'page_rank']"
Kaggle,LogReg,30000,0.967817437097718,0.9706572769953051,0.9649941656942824,"['length_url', 'length_hostname', 'ip', 'nb_dots', 'nb_hyphens', 'nb_at', 'nb_qm', 'nb_and', 'nb_or', 'nb_eq', 'nb_underscore', 'nb_tilde', 'nb_percent', 'nb_slash', 'nb_star', 'nb_colon', 'nb_comma', 'nb_semicolumn', 'nb_dollar', 'nb_space', 'nb_www', 'nb_com', 'nb_dslash', 'http_in_path', 'https_token', 'ratio_digits_url', 'ratio_digits_host', 'punycode', 'port', 'tld_in_path', 'tld_in_subdomain', 'abnormal_subdomain', 'nb_subdomains', 'prefix_suffix', 'random_domain', 'shortening_service', 'path_extension', 'nb_redirection', 'nb_external_redirection', 'length_words_raw', 'char_repeat', 'shortest_words_raw', 'shortest_word_host', 'shortest_word_path', 'longest_words_raw', 'longest_word_host', 'longest_word_path', 'avg_words_raw', 'avg_word_host', 'avg_word_path', 'phish_hints', 'domain_in_brand', 'brand_in_subdomain', 'brand_in_path', 'suspecious_tld', 'statistical_report', 'nb_hyperlinks', 'ratio_intHyperlinks', 'ratio_extHyperlinks', 'ratio_nullHyperlinks', 'nb_extCSS', 'ratio_intRedirection', 'ratio_extRedirection', 'ratio_intErrors', 'ratio_extErrors', 'login_form', 'external_favicon', 'links_in_tags', 'submit_email', 'ratio_intMedia', 'ratio_extMedia', 'sfh', 'iframe', 'popup_window', 'safe_anchor', 'onmouseover', 'right_clic', 'empty_title', 'domain_in_title', 'domain_with_copyright', 'whois_registered_domain', 'domain_registration_length', 'domain_age', 'web_traffic', 'dns_record', 'google_index', 'page_rank']"
Kaggle,RF,25000,0.9655172413793104,0.9672131147540983,0.9638273045507585,"['length_url', 'length_hostname', 'ip', 'nb_dots', 'nb_hyphens', 'nb_at', 'nb_qm', 'nb_and', 'nb_or', 'nb_eq', 'nb_underscore', 'nb_tilde', 'nb_percent', 'nb_slash', 'nb_star', 'nb_colon', 'nb_comma', 'nb_semicolumn', 'nb_dollar', 'nb_space', 'nb_www', 'nb_com', 'nb_dslash', 'http_in_path', 'https_token', 'ratio_digits_url', 'ratio_digits_host', 'punycode', 'port', 'tld_in_path', 'tld_in_subdomain', 'abnormal_subdomain', 'nb_subdomains', 'prefix_suffix', 'random_domain', 'shortening_service', 'path_extension', 'nb_redirection', 'nb_external_redirection', 'length_words_raw', 'char_repeat', 'shortest_words_raw', 'shortest_word_host', 'shortest_word_path', 'longest_words_raw', 'longest_word_host', 'longest_word_path', 'avg_words_raw', 'avg_word_host', 'avg_word_path', 'phish_hints', 'domain_in_brand', 'brand_in_subdomain', 'brand_in_path', 'suspecious_tld', 'statistical_report', 'nb_hyperlinks', 'ratio_intHyperlinks', 'ratio_extHyperlinks', 'ratio_nullHyperlinks', 'nb_extCSS', 'ratio_intRedirection', 'ratio_extRedirection', 'ratio_intErrors', 'ratio_extErrors', 'login_form', 'external_favicon', 'links_in_tags', 'submit_email', 'ratio_intMedia', 'ratio_extMedia', 'sfh', 'iframe', 'popup_window', 'safe_anchor', 'onmouseover', 'right_clic', 'empty_title', 'domain_in_title', 'domain_with_copyright', 'whois_registered_domain', 'domain_registration_length', 'domain_age', 'web_traffic', 'dns_record', 'google_index', 'page_rank']"
Kaggle,RF,30000,0.9655172413793104,0.9672131147540983,0.9638273045507585,"['length_url', 'length_hostname', 'ip', 'nb_dots', 'nb_hyphens', 'nb_at', 'nb_qm', 'nb_and', 'nb_or', 'nb_eq', 'nb_underscore', 'nb_tilde', 'nb_percent', 'nb_slash', 'nb_star', 'nb_colon', 'nb_comma', 'nb_semicolumn', 'nb_dollar', 'nb_space', 'nb_www', 'nb_com', 'nb_dslash', 'http_in_path', 'https_token', 'ratio_digits_url', 'ratio_digits_host', 'punycode', 'port', 'tld_in_path', 'tld_in_subdomain', 'abnormal_subdomain', 'nb_subdomains', 'prefix_suffix', 'random_domain', 'shortening_service', 'path_extension', 'nb_redirection', 'nb_external_redirection', 'length_words_raw', 'char_repeat', 'shortest_words_raw', 'shortest_word_host', 'shortest_word_path', 'longest_words_raw', 'longest_word_host', 'longest_word_path', 'avg_words_raw', 'avg_word_host', 'avg_word_path', 'phish_hints', 'domain_in_brand', 'brand_in_subdomain', 'brand_in_path', 'suspecious_tld', 'statistical_report', 'nb_hyperlinks', 'ratio_intHyperlinks', 'ratio_extHyperlinks', 'ratio_nullHyperlinks', 'nb_extCSS', 'ratio_intRedirection', 'ratio_extRedirection', 'ratio_intErrors', 'ratio_extErrors', 'login_form', 'external_favicon', 'links_in_tags', 'submit_email', 'ratio_intMedia', 'ratio_extMedia', 'sfh', 'iframe', 'popup_window', 'safe_anchor', 'onmouseover', 'right_clic', 'empty_title', 'domain_in_title', 'domain_with_copyright', 'whois_registered_domain', 'domain_registration_length', 'domain_age', 'web_traffic', 'dns_record', 'google_index', 'page_rank']"
