Dataset,Model,Best_K,Test_F1,Test_Precision,Test_Recall,Features_Used
Mendeley,XGBoost,35,0.9684874394192715,0.9791176344730198,0.958085587471736,"Index(['url_length', 'number_of_dots_in_url', 'having_repeated_digits_in_url',
       'number_of_digits_in_url', 'number_of_special_char_in_url',
       'number_of_hyphens_in_url', 'number_of_underline_in_url',
       'number_of_slash_in_url', 'number_of_questionmark_in_url',
       'number_of_equal_in_url', 'number_of_at_in_url',
       'number_of_exclamation_in_url', 'number_of_percent_in_url',
       'domain_length', 'number_of_dots_in_domain',
       'number_of_hyphens_in_domain', 'having_special_characters_in_domain',
       'number_of_special_characters_in_domain', 'having_digits_in_domain',
       'number_of_digits_in_domain', 'having_repeated_digits_in_domain',
       'number_of_subdomains', 'having_hyphen_in_subdomain',
       'average_subdomain_length', 'average_number_of_dots_in_subdomain',
       'having_special_characters_in_subdomain',
       'number_of_special_characters_in_subdomain',
       'having_digits_in_subdomain', 'number_of_digits_in_subdomain',
       'having_repeated_digits_in_subdomain', 'path_length', 'having_query',
       'having_fragment', 'entropy_of_url', 'entropy_of_domain'],
      dtype='object')"
Kaggle,XGBoost,25000,1.0,1.0,1.0,"Index(['length_url', 'length_hostname', 'ip', 'nb_dots', 'nb_hyphens', 'nb_at',
       'nb_qm', 'nb_and', 'nb_eq', 'nb_underscore',
       ...
       'hash_32755', 'hash_32758', 'hash_32760', 'hash_32761', 'hash_32762',
       'hash_32763', 'hash_32764', 'hash_32765', 'hash_32766', 'hash_32767'],
      dtype='object', length=25000)"
Mendeley,LogReg,40,0.7849726594496469,0.8327774907229085,0.7423582614521397,"Index(['url_length', 'number_of_dots_in_url', 'having_repeated_digits_in_url',
       'number_of_digits_in_url', 'number_of_special_char_in_url',
       'number_of_hyphens_in_url', 'number_of_underline_in_url',
       'number_of_slash_in_url', 'number_of_questionmark_in_url',
       'number_of_equal_in_url', 'number_of_at_in_url',
       'number_of_exclamation_in_url', 'number_of_hashtag_in_url',
       'number_of_percent_in_url', 'domain_length', 'number_of_dots_in_domain',
       'number_of_hyphens_in_domain', 'having_special_characters_in_domain',
       'number_of_special_characters_in_domain', 'having_digits_in_domain',
       'number_of_digits_in_domain', 'having_repeated_digits_in_domain',
       'number_of_subdomains', 'having_dot_in_subdomain',
       'having_hyphen_in_subdomain', 'average_subdomain_length',
       'average_number_of_dots_in_subdomain',
       'average_number_of_hyphens_in_subdomain',
       'having_special_characters_in_subdomain',
       'number_of_special_characters_in_subdomain',
       'having_digits_in_subdomain', 'number_of_digits_in_subdomain',
       'having_repeated_digits_in_subdomain', 'having_path', 'path_length',
       'having_query', 'having_fragment', 'having_anchor', 'entropy_of_url',
       'entropy_of_domain'],
      dtype='object')"
Kaggle,LogReg,10000,1.0,1.0,1.0,"Index(['length_url', 'length_hostname', 'ip', 'nb_dots', 'nb_hyphens', 'nb_at',
       'nb_qm', 'nb_and', 'nb_eq', 'nb_underscore',
       ...
       'hash_32747', 'hash_32748', 'hash_32749', 'hash_32750', 'hash_32751',
       'hash_32755', 'hash_32758', 'hash_32763', 'hash_32765', 'hash_32767'],
      dtype='object', length=10000)"
